student_id,age,gender,attendance_rate,study_hours_per_week,parent_education_level,household_size,Parental Support,library_hours_per_week,teacher_hours_per_week,access_to_teachers,participates_in_sports,participates_in_clubs,leadership_role,mock_exam_score,jamb_score
1,17,Female,96,16,Secondary,8,0,7,4,1,0,0,0,113,40
2,18,Male,61,8,Primary,2,0,8,2,0,0,1,0,288,44
3,15,Male,65,9,Primary,5,0,3,5,1,1,1,1,394,188
4,17,Male,73,17,Primary,8,0,14,2,1,0,1,1,282,90
5,17,Male,68,19,Primary,8,1,8,2,0,1,0,1,135,121
6,18,Male,57,20,Primary,5,0,11,4,0,1,1,1,136,176
7,15,Female,80,14,Secondary,6,1,6,4,0,1,1,1,113,341
8,15,Male,70,20,Primary,4,1,2,1,1,1,1,0,222,57
9,17,Female,66,16,Secondary,2,1,6,5,0,0,1,0,182,101
10,16,Female,72,21,Primary,4,0,13,5,0,1,0,1,258,242
11,17,Male,86,20,Tertiary,3,0,0,5,1,0,0,1,201,190
12,17,Male,65,16,Tertiary,4,1,2,3,1,1,1,1,182,24
13,17,Female,55,12,Tertiary,9,0,5,2,0,1,1,0,143,151
14,17,Male,57,24,Tertiary,5,0,3,4,0,1,1,1,167,126
15,18,Male,74,7,Secondary,2,1,6,5,0,1,1,0,147,330
16,15,Female,67,20,Secondary,4,1,13,1,0,0,0,0,156,176
17,18,Female,74,17,Primary,2,1,2,5,1,1,0,1,174,134
18,18,Male,61,23,Tertiary,2,0,0,2,1,0,0,0,121,381
19,18,Female,64,12,Secondary,3,1,8,2,0,1,0,0,231,156
20,17,Male,75,9,Primary,3,0,14,4,0,1,1,1,366,142
21,16,Male,90,24,Primary,5,0,5,3,0,1,1,0,386,290
22,15,Male,94,12,Secondary,6,1,7,4,1,0,0,1,219,188
23,16,Female,75,16,Tertiary,9,0,2,5,0,1,0,0,345,147
24,18,Female,96,5,Primary,8,0,7,1,0,1,1,1,155,11
25,18,Female,81,24,Tertiary,2,0,1,4,1,1,1,1,137,127
26,16,Female,59,10,Tertiary,6,1,11,3,1,1,1,0,344,255
27,16,Female,65,22,Tertiary,8,1,3,4,0,1,1,1,120,126
28,16,Male,56,12,Primary,8,1,2,2,0,0,1,0,209,207
29,18,Male,66,11,Tertiary,9,1,9,5,1,0,0,0,193,19
30,18,Male,72,5,Primary,5,0,0,5,0,1,0,1,235,22
31,15,Male,75,20,Tertiary,8,1,14,5,0,1,1,0,330,143
32,15,Female,70,16,Primary,9,0,12,5,1,0,1,1,107,186
33,18,Male,71,10,Tertiary,8,0,12,5,1,1,0,0,389,80
34,16,Female,56,24,Secondary,2,1,6,5,1,0,1,0,350,125
35,16,Male,63,6,Tertiary,2,1,10,1,0,1,0,1,186,122
36,15,Female,64,18,Tertiary,7,0,9,3,1,1,0,0,303,141
37,18,Female,56,8,Primary,6,0,1,5,1,0,0,0,318,21
38,15,Male,58,5,Primary,4,0,3,3,0,1,0,0,340,275
39,15,Male,97,22,Tertiary,9,0,8,5,0,0,1,0,357,70
40,17,Male,57,17,Secondary,3,1,5,4,1,0,1,0,208,143
41,17,Male,99,6,Secondary,9,1,7,5,1,0,0,0,355,113
42,17,Female,72,13,Primary,4,1,1,2,0,1,1,0,381,341
43,16,Male,78,6,Secondary,6,1,6,1,0,0,1,0,319,180
44,18,Male,67,13,Tertiary,3,0,5,4,1,0,1,1,182,156
45,18,Female,80,5,Primary,4,1,12,4,1,1,1,0,206,169
46,18,Male,79,15,Tertiary,7,1,13,2,0,1,0,0,168,251
47,18,Male,88,7,Primary,3,1,8,5,1,1,1,1,196,104
48,17,Male,84,24,Primary,2,1,6,1,0,1,0,1,311,51
49,16,Male,67,8,Primary,4,1,0,4,1,1,0,1,385,35
50,16,Male,91,22,Primary,9,0,13,1,0,1,1,0,336,164
51,17,Female,88,10,Secondary,3,1,7,4,0,0,0,1,107,82
52,16,Male,66,7,Tertiary,7,0,10,5,1,1,1,1,393,120
53,17,Male,63,15,Tertiary,9,0,9,4,1,0,1,0,288,156
54,18,Male,80,19,Tertiary,8,0,14,4,0,1,0,0,180,139
55,17,Male,73,9,Primary,3,0,2,3,1,0,1,1,207,127
56,18,Male,84,24,Secondary,3,1,13,5,1,0,0,1,166,46
57,18,Female,93,14,Tertiary,7,1,1,2,1,1,0,0,273,187
58,15,Male,94,16,Secondary,8,1,11,2,0,1,1,0,142,331
59,17,Female,83,19,Primary,4,1,2,5,1,0,1,0,286,276
60,15,Female,52,21,Tertiary,5,1,10,2,1,1,1,0,299,97
61,17,Male,86,14,Secondary,4,0,5,5,0,1,0,0,138,182
62,17,Male,92,10,Primary,8,0,12,2,1,0,1,1,319,50
63,15,Male,89,22,Secondary,6,1,13,3,1,0,0,0,103,207
64,15,Male,75,17,Tertiary,9,1,2,2,0,0,0,0,220,376
65,17,Female,72,7,Tertiary,7,1,9,4,0,1,1,0,176,381
66,16,Male,93,14,Primary,4,0,4,5,1,1,1,0,278,178
67,18,Male,88,18,Primary,3,0,5,1,1,1,1,0,232,344
68,15,Male,64,10,Primary,7,1,7,1,0,1,0,1,328,119
69,18,Male,98,7,Secondary,2,0,6,5,0,0,1,0,375,53
70,16,Male,53,20,Secondary,8,0,13,3,1,1,0,1,251,145
71,16,Male,78,11,Secondary,9,1,10,2,1,0,1,0,263,294
72,16,Female,71,24,Primary,4,0,7,3,1,1,1,1,389,33
73,15,Female,74,18,Tertiary,7,1,2,1,0,1,0,1,208,59
74,16,Male,62,13,Tertiary,9,0,3,5,1,0,0,0,225,71
75,15,Male,67,19,Secondary,4,0,5,5,0,1,1,0,339,194
76,16,Male,82,7,Secondary,7,0,10,3,0,1,1,0,245,38
77,18,Female,65,6,Tertiary,3,1,6,3,0,0,1,0,351,164
78,18,Male,94,6,Tertiary,2,0,8,2,1,1,1,0,282,279
79,17,Female,91,7,Secondary,2,1,12,4,1,0,1,1,171,41
80,18,Male,93,22,Secondary,6,0,0,4,1,0,0,0,318,35
81,17,Male,51,18,Tertiary,7,1,12,2,0,0,0,0,306,32
82,18,Male,84,24,Primary,4,0,14,4,1,0,0,1,272,132
83,15,Male,91,22,Secondary,2,1,7,1,0,1,0,0,240,306
84,18,Female,83,14,Tertiary,8,1,7,4,0,1,1,1,371,254
85,17,Female,79,6,Tertiary,2,1,5,2,0,1,0,0,313,205
86,17,Male,62,5,Tertiary,5,0,3,4,0,0,0,1,368,85
87,16,Male,62,8,Tertiary,5,0,2,5,0,1,0,0,119,184
88,15,Female,67,18,Primary,2,0,10,3,0,1,1,1,165,191
89,18,Female,81,5,Tertiary,7,1,2,1,1,1,0,1,246,314
90,16,Female,81,18,Secondary,6,1,5,5,0,1,1,0,264,156
91,18,Female,84,20,Primary,2,1,12,5,1,0,0,0,105,189
92,18,Male,88,18,Tertiary,3,0,7,2,0,0,1,0,113,23
93,16,Female,95,24,Primary,9,0,6,3,1,1,0,1,231,118
94,16,Male,78,7,Secondary,4,0,10,3,1,0,1,1,342,132
95,16,Female,98,7,Tertiary,6,1,0,1,1,1,0,1,330,27
96,16,Female,78,13,Secondary,3,1,10,2,1,1,1,0,327,108
97,16,Female,93,10,Tertiary,6,1,5,1,0,1,1,0,261,392
98,18,Female,65,17,Tertiary,3,0,6,4,0,0,0,1,382,104
99,16,Female,93,6,Tertiary,4,1,11,5,0,1,1,0,362,193
100,15,Male,96,12,Tertiary,4,1,6,1,0,0,1,1,230,100
101,17,Male,59,6,Tertiary,5,0,8,5,1,0,0,0,324,363
102,16,Female,79,8,Primary,7,1,10,2,1,1,0,0,357,80
103,16,Female,74,19,Tertiary,3,1,10,4,1,0,1,1,333,68
104,18,Male,88,8,Tertiary,9,1,9,2,0,0,0,0,123,21
105,16,Female,69,17,Primary,5,1,4,4,1,1,0,0,370,367
106,16,Female,54,16,Primary,3,0,0,4,0,0,0,0,194,41
107,16,Male,50,17,Primary,5,0,1,5,1,0,1,0,241,61
108,18,Female,79,18,Primary,4,1,14,2,1,1,1,0,281,140
109,16,Female,98,24,Primary,6,0,3,2,1,1,1,1,305,111
110,17,Male,52,22,Primary,8,1,4,1,1,0,1,0,180,369
111,18,Male,94,10,Tertiary,5,1,8,2,1,1,1,1,373,33
112,17,Male,63,15,Tertiary,3,1,10,1,0,1,1,0,375,242
113,18,Female,79,6,Secondary,3,1,14,3,1,0,1,0,307,40
114,16,Male,99,23,Tertiary,8,0,0,3,0,0,0,1,395,105
115,17,Male,53,23,Tertiary,7,0,2,3,0,1,1,1,138,189
116,18,Male,67,9,Primary,9,0,4,2,0,0,1,0,387,254
117,15,Male,86,23,Primary,4,1,2,2,0,1,0,0,223,72
118,16,Male,74,6,Tertiary,3,0,3,1,0,1,0,1,382,220
119,18,Male,97,14,Secondary,2,0,14,4,0,0,0,1,279,32
120,15,Female,50,6,Primary,6,1,13,1,0,0,1,1,196,82
121,18,Female,95,15,Tertiary,5,1,2,3,0,1,0,1,290,46
122,15,Male,64,22,Tertiary,7,0,3,1,1,1,1,0,173,369
123,16,Male,58,19,Secondary,9,0,13,4,1,1,1,0,372,66
124,17,Male,64,13,Secondary,8,1,14,2,0,1,1,0,148,98
125,15,Female,98,23,Primary,6,0,12,1,0,0,0,0,309,60
126,18,Female,73,13,Secondary,4,0,12,3,0,1,0,0,215,398
127,16,Female,53,7,Tertiary,7,0,14,3,1,0,1,1,122,103
128,15,Female,61,13,Tertiary,9,1,14,2,1,0,1,1,197,11
129,18,Female,86,18,Secondary,5,0,0,1,0,1,1,1,289,250
130,18,Female,86,23,Secondary,5,1,11,4,0,0,0,0,281,276
131,18,Female,92,11,Secondary,8,1,7,2,1,0,1,1,247,177
132,15,Female,55,20,Secondary,2,1,3,1,1,1,0,0,122,144
133,15,Female,88,20,Primary,8,0,6,5,0,0,1,0,204,243
134,15,Male,95,5,Secondary,4,1,1,3,0,0,0,0,262,396
135,17,Male,73,8,Primary,7,1,1,4,0,1,1,1,166,244
136,15,Male,60,8,Tertiary,7,1,5,4,0,1,0,0,389,281
137,15,Male,62,11,Secondary,3,1,13,4,1,1,0,0,388,88
138,15,Female,83,12,Primary,2,1,1,3,1,1,0,1,145,102
139,17,Female,74,21,Secondary,2,1,14,1,0,1,0,0,180,354
140,15,Male,56,9,Tertiary,7,1,14,2,0,1,0,1,246,250
141,18,Female,53,11,Tertiary,7,1,5,1,0,1,0,0,321,256
142,15,Male,57,24,Tertiary,6,0,10,2,1,0,1,1,114,191
143,18,Female,69,24,Secondary,9,0,14,4,0,0,1,0,220,292
144,18,Male,78,8,Secondary,6,0,1,1,0,1,1,0,177,233
145,18,Female,94,10,Primary,6,1,3,4,0,0,1,1,394,53
146,17,Female,95,11,Tertiary,2,1,6,5,1,0,0,0,340,39
147,17,Male,59,22,Secondary,3,1,7,4,0,1,1,1,117,82
148,17,Female,92,9,Tertiary,5,1,14,4,1,0,0,0,355,28
149,15,Male,83,24,Tertiary,6,1,2,2,0,1,0,1,376,29
150,18,Male,75,7,Primary,3,1,13,5,0,0,0,0,126,383
151,17,Male,90,11,Primary,8,0,14,4,0,1,1,0,101,174
152,17,Male,98,18,Primary,4,1,12,4,1,0,0,0,394,268
153,15,Female,52,11,Primary,6,0,8,5,0,0,1,1,338,111
154,17,Female,55,9,Tertiary,8,0,1,5,0,0,1,1,112,56
155,15,Female,54,9,Primary,5,0,7,1,1,1,1,1,283,27
156,16,Male,54,6,Primary,4,0,7,2,1,0,1,1,293,358
157,17,Female,96,10,Primary,4,1,12,5,1,0,1,1,155,118
158,16,Male,72,19,Primary,5,1,13,5,0,1,0,0,329,102
159,15,Female,98,14,Tertiary,6,0,3,3,1,1,0,0,127,140
160,18,Female,58,11,Primary,2,1,0,5,0,0,1,0,170,322
161,17,Female,84,9,Tertiary,5,1,12,2,1,0,0,0,309,116
162,15,Male,69,5,Secondary,5,0,0,4,1,0,1,0,283,10
163,18,Female,98,17,Tertiary,5,1,1,4,1,0,0,1,140,61
164,18,Female,91,22,Tertiary,4,0,13,4,0,1,0,0,359,132
165,16,Male,84,17,Primary,9,1,14,4,0,0,0,1,183,122
166,15,Female,99,22,Secondary,3,1,11,3,0,0,0,0,145,130
167,18,Male,67,9,Secondary,8,0,13,5,0,1,0,1,258,134
168,17,Female,66,17,Secondary,2,0,8,4,0,0,0,1,106,380
169,17,Male,73,8,Secondary,6,1,12,1,0,0,0,1,235,163
170,16,Male,52,21,Tertiary,6,1,1,4,0,0,0,0,282,44
171,18,Female,81,7,Secondary,8,0,1,5,0,1,0,0,296,107
172,15,Male,84,21,Tertiary,3,1,5,4,0,1,0,0,271,124
173,17,Male,87,15,Tertiary,5,1,6,3,1,0,0,0,375,143
174,18,Male,62,24,Tertiary,9,1,12,2,1,0,0,1,177,203
175,18,Male,96,8,Secondary,2,1,6,2,0,1,0,1,277,142
176,16,Male,74,6,Primary,6,1,14,5,0,0,1,1,126,155
177,17,Male,58,24,Primary,8,1,12,2,0,0,0,1,219,188
178,17,Female,53,20,Secondary,7,1,8,2,0,1,0,0,380,112
179,15,Male,63,22,Primary,9,0,5,1,1,1,0,1,295,97
180,17,Male,86,12,Primary,8,0,13,5,1,1,0,0,376,380
181,15,Female,83,7,Tertiary,9,0,7,5,0,0,0,1,117,129
182,17,Female,60,13,Tertiary,6,1,10,2,1,0,0,1,394,350
183,16,Female,90,24,Secondary,5,1,5,2,1,0,1,1,370,16
184,17,Female,52,10,Secondary,7,0,1,2,0,0,1,0,152,19
185,15,Female,77,14,Primary,3,1,0,3,0,1,1,0,393,83
186,15,Female,78,14,Tertiary,2,1,4,4,0,0,0,1,151,27
187,16,Female,58,17,Secondary,3,0,13,3,0,0,0,1,315,163
188,17,Male,52,21,Secondary,3,1,8,5,1,1,0,1,171,33
189,17,Male,74,13,Secondary,8,0,7,1,0,1,1,0,127,193
190,16,Female,83,21,Secondary,9,0,13,4,1,0,0,0,351,96
191,17,Male,61,13,Secondary,2,1,12,1,0,1,0,0,134,125
192,17,Male,91,13,Secondary,2,1,3,5,1,1,1,1,300,146
193,15,Male,58,5,Primary,6,0,4,5,0,0,1,0,348,343
194,17,Female,64,6,Tertiary,6,1,12,1,0,0,0,1,198,15
195,17,Female,89,20,Tertiary,2,1,4,1,1,0,0,0,239,326
196,16,Male,74,5,Secondary,7,0,5,1,1,0,0,1,182,70
197,16,Female,54,14,Tertiary,4,0,2,5,1,1,0,1,147,361
198,18,Male,60,22,Tertiary,6,1,4,2,0,1,1,0,377,107
199,15,Male,83,12,Tertiary,4,0,1,1,1,0,0,1,347,395
200,17,Male,73,15,Secondary,8,1,9,4,1,0,0,1,276,143
201,17,Male,64,6,Secondary,7,1,0,5,1,1,1,1,151,173
202,18,Female,87,12,Tertiary,2,1,10,3,1,0,0,0,178,325
203,17,Female,57,12,Tertiary,7,0,0,3,1,0,0,1,163,57
204,15,Female,54,21,Secondary,6,1,9,4,1,0,1,0,107,161
205,18,Male,97,19,Primary,3,1,6,2,1,0,1,0,313,158
206,15,Female,75,21,Tertiary,8,0,1,1,1,1,0,1,124,124
207,18,Male,67,17,Primary,2,0,3,5,1,0,1,0,355,67
208,18,Female,55,23,Tertiary,5,0,4,1,0,1,1,1,342,196
209,16,Male,86,9,Primary,8,1,6,5,0,0,0,0,297,159
210,15,Male,97,16,Primary,9,1,1,3,1,0,1,1,193,149
211,17,Male,62,5,Primary,4,0,13,1,0,1,0,0,306,64
212,17,Female,77,9,Secondary,7,1,5,4,0,0,0,1,114,214
213,15,Female,54,12,Primary,2,0,0,2,1,1,0,1,277,281
214,17,Female,62,17,Primary,8,1,6,4,1,0,0,1,174,141
215,17,Female,66,12,Primary,7,0,8,2,1,0,1,1,203,102
216,15,Male,99,15,Tertiary,2,1,4,1,1,0,0,0,393,77
217,18,Female,89,5,Primary,6,1,4,1,1,0,0,0,267,95
218,15,Female,94,17,Tertiary,8,1,3,2,1,0,0,1,214,336
219,18,Male,81,23,Primary,6,0,2,3,0,1,0,0,138,79
220,17,Male,78,7,Primary,8,0,8,5,1,1,1,1,372,146
221,17,Male,52,21,Secondary,6,1,4,4,0,0,1,1,234,139
222,17,Female,89,9,Tertiary,9,0,7,4,1,0,1,0,331,72
223,16,Male,83,24,Primary,7,0,8,4,1,1,0,0,138,143
224,18,Male,89,12,Tertiary,5,0,4,1,0,1,1,1,390,167
225,16,Male,76,18,Tertiary,8,1,9,4,1,0,1,0,146,179
226,16,Female,62,8,Secondary,9,1,8,5,1,0,0,1,135,102
227,15,Male,94,15,Secondary,8,1,1,5,0,1,1,0,194,51
228,16,Female,82,24,Secondary,6,0,8,2,1,0,0,0,112,50
229,15,Female,55,19,Secondary,2,0,10,1,0,1,1,0,245,193
230,15,Male,73,23,Secondary,8,1,3,5,1,0,1,0,164,254
231,16,Male,68,11,Secondary,9,1,5,3,1,1,1,0,327,101
232,18,Female,65,23,Secondary,6,0,5,1,0,1,1,1,341,78
233,18,Male,89,23,Secondary,3,1,5,1,1,0,0,0,107,66
234,18,Male,77,15,Primary,6,0,1,5,0,1,0,0,142,251
235,18,Female,82,9,Tertiary,7,1,6,3,0,0,1,1,343,11
236,18,Female,97,9,Secondary,5,0,12,2,0,0,0,1,280,60
237,16,Male,90,12,Secondary,3,1,5,5,1,0,1,1,184,134
238,16,Female,62,14,Tertiary,7,1,10,3,1,0,1,0,254,24
239,17,Male,92,10,Primary,7,1,13,1,0,1,1,0,374,137
240,18,Male,94,19,Tertiary,7,0,0,3,1,0,1,1,122,246
241,16,Male,74,20,Tertiary,2,1,1,1,1,0,1,1,214,89
242,17,Female,91,21,Secondary,7,1,6,5,1,0,1,1,398,128
243,18,Male,85,12,Tertiary,2,0,0,5,0,0,0,1,198,181
244,15,Male,76,12,Tertiary,7,1,14,4,1,1,0,0,203,56
245,17,Male,87,13,Secondary,4,1,0,4,0,0,1,0,150,163
246,16,Female,56,6,Secondary,9,1,0,4,1,1,0,0,211,34
247,15,Female,54,19,Secondary,3,1,7,5,1,1,1,0,343,354
248,15,Female,92,22,Secondary,4,0,3,2,0,1,0,0,268,57
249,15,Female,94,7,Tertiary,7,1,3,5,1,0,0,1,171,19
250,17,Female,80,21,Tertiary,3,0,12,3,0,0,0,0,238,196
251,16,Male,72,8,Primary,3,1,1,5,1,0,1,1,330,124
252,15,Female,91,8,Primary,8,1,10,5,0,0,0,1,338,322
253,18,Female,59,18,Tertiary,5,1,10,1,1,1,1,1,352,117
254,15,Female,81,13,Primary,4,0,10,1,1,1,1,0,148,386
255,15,Male,92,13,Tertiary,5,0,0,1,1,0,1,1,171,96
256,17,Female,79,22,Primary,3,1,11,5,0,0,0,0,362,168
257,17,Female,88,14,Secondary,2,1,9,2,0,0,0,1,321,141
258,16,Male,80,8,Primary,3,1,8,3,0,0,0,0,176,196
259,18,Female,67,16,Secondary,5,1,6,3,1,0,1,1,161,77
260,17,Male,85,12,Secondary,4,1,3,2,0,0,1,0,256,25
261,15,Male,51,6,Secondary,7,0,11,2,0,0,0,1,393,75
262,16,Male,63,17,Secondary,8,0,5,3,0,1,1,1,224,318
263,15,Male,62,20,Primary,8,0,13,4,0,1,0,1,328,287
264,15,Male,78,6,Tertiary,8,0,1,1,0,1,0,1,260,360
265,17,Female,61,15,Secondary,7,1,6,1,0,1,0,0,128,184
266,16,Male,88,14,Primary,8,1,1,3,0,0,0,0,213,351
267,18,Male,51,19,Secondary,4,1,9,2,0,0,1,0,178,137
268,18,Female,81,21,Primary,7,0,7,4,0,0,0,1,122,299
269,17,Male,62,12,Primary,8,0,7,3,0,0,0,1,205,59
270,17,Female,95,22,Primary,7,0,0,1,1,0,0,1,230,38
271,16,Female,76,13,Tertiary,5,0,12,5,1,1,0,1,272,124
272,18,Female,98,12,Primary,9,1,7,2,0,0,0,1,363,90
273,18,Male,90,18,Primary,9,0,1,5,1,1,0,1,384,270
274,18,Male,66,22,Tertiary,4,1,5,3,1,0,0,0,101,143
275,15,Male,89,24,Tertiary,6,0,12,1,0,1,1,0,332,26
276,18,Female,80,24,Primary,2,1,0,4,0,0,1,0,350,198
277,15,Male,83,16,Tertiary,8,1,4,5,0,1,1,0,207,214
278,16,Male,73,23,Secondary,2,0,10,4,1,0,1,0,375,351
279,15,Male,94,18,Secondary,7,1,6,1,0,0,0,0,279,182
280,16,Female,84,21,Tertiary,2,1,12,5,1,0,1,0,312,195
281,18,Female,97,7,Tertiary,4,1,9,4,0,0,1,0,392,16
282,18,Male,55,11,Primary,4,0,0,4,1,1,1,1,171,224
283,16,Male,68,21,Tertiary,3,1,14,5,1,0,0,1,382,40
284,17,Male,79,16,Primary,9,1,1,1,0,1,1,1,274,362
285,16,Male,56,13,Secondary,8,1,6,4,0,0,1,1,222,214
286,17,Female,59,19,Tertiary,3,1,5,3,1,1,0,1,326,170
287,15,Female,90,22,Primary,2,1,2,5,1,0,1,1,182,84
288,15,Female,81,17,Primary,6,1,13,2,0,0,0,1,352,170
289,15,Female,83,12,Secondary,3,1,9,2,0,1,1,0,245,388
290,18,Male,77,18,Tertiary,3,1,1,1,1,0,0,0,219,396
291,15,Male,64,12,Secondary,4,1,9,3,0,0,1,1,164,252
292,17,Male,79,18,Primary,6,1,3,4,1,1,1,0,380,34
293,15,Female,86,11,Primary,7,1,2,2,0,0,1,0,382,119
294,16,Male,78,16,Tertiary,2,1,6,1,0,1,0,0,205,114
295,16,Female,71,15,Primary,3,0,7,3,0,0,1,0,399,189
296,18,Female,53,15,Tertiary,6,1,1,3,1,1,0,0,206,396
297,16,Male,69,17,Secondary,9,1,9,1,0,1,0,1,135,212
298,17,Male,81,22,Tertiary,8,1,6,1,1,1,0,0,246,101
299,15,Male,85,6,Tertiary,6,1,7,4,0,1,0,1,361,377
300,18,Female,99,19,Primary,9,0,5,1,1,0,1,1,258,80
301,15,Male,53,24,Primary,2,1,5,4,1,0,1,1,364,115
302,15,Female,76,22,Tertiary,6,0,9,4,0,1,1,0,301,202
303,17,Male,66,19,Primary,9,1,0,5,1,0,0,1,254,24
304,16,Female,61,23,Primary,6,1,3,3,1,0,1,1,112,65
305,16,Female,71,16,Primary,6,1,13,3,1,0,0,1,396,26
306,15,Male,66,17,Tertiary,8,0,0,3,1,1,0,1,184,83
307,18,Female,59,15,Primary,9,1,3,5,0,0,0,0,379,79
308,16,Female,50,9,Tertiary,9,0,1,4,0,0,1,1,344,110
309,18,Male,71,5,Primary,3,0,10,4,0,1,1,1,399,66
310,16,Female,75,7,Secondary,2,0,12,1,1,0,0,1,108,279
311,18,Male,67,23,Primary,8,0,4,5,1,1,1,1,346,93
312,17,Female,99,11,Primary,6,1,9,1,0,1,1,0,377,376
313,18,Male,63,16,Tertiary,6,1,13,5,0,1,0,1,337,154
314,17,Male,96,19,Tertiary,3,0,8,1,1,0,0,1,302,160
315,17,Female,78,9,Primary,2,1,10,2,0,0,1,1,346,188
316,18,Female,61,19,Secondary,4,0,14,3,0,1,0,1,334,204
317,17,Female,85,12,Primary,8,1,11,3,1,1,0,1,180,326
318,15,Female,84,14,Primary,3,1,9,4,0,1,1,1,112,124
319,17,Female,61,20,Secondary,2,1,2,2,1,1,1,0,115,108
320,16,Male,56,12,Tertiary,8,1,7,3,0,1,0,1,144,199
321,18,Female,78,5,Primary,6,1,2,4,1,1,1,0,238,52
322,15,Male,60,16,Tertiary,2,0,5,2,1,0,0,0,247,142
323,18,Male,82,9,Tertiary,2,1,3,3,1,1,0,1,335,120
324,16,Female,55,7,Secondary,7,0,7,1,1,1,1,0,290,114
325,16,Male,96,5,Secondary,2,1,10,5,1,1,0,1,200,172
326,16,Male,64,8,Tertiary,4,1,5,2,0,0,0,0,204,138
327,17,Male,81,12,Primary,2,1,7,4,0,0,0,1,349,140
328,17,Male,60,7,Tertiary,4,0,0,2,0,0,1,0,193,29
329,18,Female,72,14,Primary,6,1,5,4,1,0,1,0,319,242
330,18,Male,75,6,Primary,4,0,0,2,0,1,1,1,397,190
331,15,Female,83,15,Secondary,8,1,0,4,1,0,0,0,232,169
332,15,Female,95,14,Primary,6,0,7,3,1,1,0,0,254,67
333,18,Male,83,18,Primary,6,0,14,1,0,1,1,0,127,134
334,17,Female,78,11,Tertiary,4,1,6,3,1,1,1,0,381,117
335,16,Female,53,6,Secondary,9,1,2,1,0,1,1,0,215,79
336,18,Female,66,13,Primary,3,0,5,3,1,1,0,1,333,81
337,15,Male,84,20,Primary,5,0,14,3,1,1,1,0,100,47
338,17,Female,62,17,Secondary,9,1,8,2,0,0,0,0,339,17
339,18,Female,90,13,Tertiary,2,1,6,5,1,0,1,1,157,94
340,18,Female,88,24,Secondary,7,1,11,4,0,0,0,1,282,54
341,17,Male,64,8,Secondary,5,0,2,4,1,0,0,1,125,119
342,18,Female,78,14,Primary,2,0,13,4,0,0,1,0,176,13
343,17,Male,78,16,Primary,9,0,13,1,1,1,0,0,316,368
344,16,Male,60,21,Tertiary,9,0,12,4,0,0,1,0,361,95
345,17,Male,81,18,Primary,2,1,5,4,0,0,0,0,122,190
346,17,Male,51,18,Primary,6,1,10,2,1,0,0,1,343,48
347,17,Male,96,6,Secondary,2,0,3,3,0,1,1,1,257,74
348,18,Male,63,24,Primary,7,0,13,4,1,1,0,0,305,373
349,18,Female,69,15,Tertiary,9,0,12,5,1,1,1,0,186,225
350,17,Male,71,20,Secondary,2,1,2,4,0,0,1,0,366,250
351,18,Female,60,23,Tertiary,4,1,8,1,0,0,1,0,233,51
352,15,Female,76,10,Secondary,5,0,9,1,0,0,0,1,366,296
353,15,Male,52,23,Primary,4,0,1,1,0,0,0,1,367,157
354,18,Female,66,9,Secondary,7,1,0,4,0,0,0,0,152,292
355,18,Female,93,8,Secondary,2,1,14,2,1,1,1,1,198,16
356,17,Female,77,19,Primary,8,1,13,5,0,0,1,0,346,175
357,16,Female,78,8,Primary,7,0,1,4,1,1,0,0,135,16
358,18,Male,70,24,Tertiary,6,0,6,2,0,0,0,1,127,206
359,15,Female,96,14,Tertiary,4,1,9,2,0,1,1,0,319,167
360,17,Male,65,7,Primary,4,0,0,4,0,1,0,1,201,161
361,18,Female,86,9,Primary,3,0,5,4,1,1,1,0,362,159
362,15,Female,69,10,Primary,2,1,13,2,0,1,0,1,370,325
363,15,Male,55,12,Secondary,6,0,6,2,1,0,1,0,323,149
364,16,Female,68,11,Secondary,8,1,8,2,1,0,0,1,238,371
365,17,Female,54,14,Secondary,4,0,14,4,1,0,0,0,379,386
366,17,Female,52,10,Primary,4,0,13,2,0,1,1,0,385,80
367,16,Male,50,18,Tertiary,6,1,7,1,1,0,1,1,349,233
368,16,Female,87,8,Primary,7,0,5,4,0,0,1,0,177,355
369,17,Male,64,17,Secondary,7,1,2,1,1,0,0,1,396,140
370,17,Female,83,24,Secondary,2,1,7,3,0,0,1,1,112,272
371,18,Male,84,21,Primary,9,0,6,4,1,1,1,0,181,33
372,18,Male,98,11,Primary,3,1,2,3,0,1,0,0,108,62
373,16,Female,74,8,Secondary,4,0,8,2,0,0,1,0,312,125
374,18,Female,73,18,Secondary,9,1,11,2,0,0,1,0,147,262
375,15,Male,61,7,Secondary,9,0,1,5,1,0,1,1,148,133
376,18,Male,67,9,Primary,3,1,2,2,1,1,0,0,139,147
377,18,Female,64,20,Secondary,9,0,1,3,0,1,0,0,379,72
378,15,Male,93,24,Secondary,9,1,12,2,1,1,0,0,325,182
379,16,Female,65,8,Tertiary,7,1,0,4,1,0,1,1,207,66
380,15,Female,76,6,Primary,7,1,3,2,1,1,0,0,344,80
381,18,Female,57,22,Tertiary,5,0,4,5,1,1,1,1,354,76
382,16,Female,95,23,Tertiary,8,0,12,2,1,1,1,0,132,143
383,18,Male,74,23,Secondary,2,1,5,3,1,1,1,1,122,144
384,15,Female,66,21,Primary,9,1,4,3,1,1,0,0,153,40
385,15,Male,78,18,Secondary,5,0,0,2,0,0,0,0,148,187
386,18,Female,57,23,Primary,8,1,2,3,0,0,1,1,177,79
387,17,Male,64,17,Tertiary,5,0,0,3,1,0,1,0,221,244
388,17,Female,76,16,Primary,5,1,10,5,0,0,0,0,189,238
389,15,Male,95,10,Secondary,2,0,4,4,0,1,0,0,292,338
390,15,Male,99,8,Secondary,2,0,4,5,0,0,0,1,343,260
391,17,Female,56,23,Secondary,6,1,11,1,1,0,1,0,248,43
392,17,Female,52,20,Primary,3,0,10,5,1,0,0,1,245,58
393,18,Female,78,17,Tertiary,3,1,12,2,1,1,0,1,240,104
394,18,Female,93,8,Tertiary,6,1,5,4,1,0,0,1,385,38
395,17,Male,73,21,Primary,6,0,7,2,1,1,1,0,210,16
396,18,Female,52,5,Secondary,7,0,9,1,0,1,0,1,207,21
397,18,Male,69,22,Tertiary,8,1,11,4,1,1,1,1,380,279
398,16,Male,95,24,Secondary,5,0,0,3,0,0,1,0,149,91
399,18,Female,64,21,Primary,9,1,3,5,1,1,1,1,113,170
400,15,Male,74,19,Secondary,6,1,9,2,0,0,0,1,233,64
401,18,Male,79,15,Tertiary,4,1,10,1,1,0,0,0,175,47
402,18,Male,63,17,Tertiary,3,0,0,3,1,0,0,0,183,68
403,17,Male,56,5,Secondary,6,0,8,5,1,1,1,1,257,123
404,15,Female,66,21,Primary,4,0,10,3,1,1,0,0,385,171
405,18,Female,93,10,Secondary,4,0,6,5,1,0,1,0,193,68
406,18,Female,69,8,Primary,4,1,6,4,1,1,0,0,396,58
407,16,Female,85,24,Secondary,7,1,11,3,0,1,0,1,193,126
408,18,Male,58,20,Tertiary,7,0,4,3,1,1,0,1,156,102
409,18,Male,87,19,Primary,9,0,6,3,0,0,0,0,263,199
410,16,Female,97,19,Primary,9,0,11,4,1,1,1,1,197,131
411,17,Female,71,10,Primary,4,1,14,1,0,1,1,0,115,151
412,18,Female,51,19,Tertiary,8,0,1,5,0,0,1,0,177,80
413,16,Male,73,18,Secondary,7,1,13,3,0,1,1,0,171,129
414,15,Female,57,15,Tertiary,5,0,12,4,0,0,0,0,369,154
415,17,Female,60,11,Primary,4,1,3,1,0,1,1,0,386,19
416,15,Female,62,13,Secondary,5,1,13,5,0,1,1,1,165,268
417,15,Male,66,20,Tertiary,5,0,13,4,1,1,1,1,167,57
418,16,Male,57,9,Primary,4,0,6,5,0,1,0,1,292,116
419,18,Male,70,24,Primary,3,1,2,3,1,1,1,1,154,147
420,16,Male,67,14,Tertiary,8,0,1,1,1,1,1,0,267,193
421,16,Male,79,22,Tertiary,4,1,9,4,0,0,0,0,124,50
422,16,Male,67,7,Tertiary,9,1,1,1,0,1,0,1,230,157
423,16,Male,95,17,Primary,4,1,12,3,1,1,1,1,201,281
424,17,Male,96,15,Tertiary,7,1,0,1,0,1,1,0,381,77
425,18,Female,80,21,Primary,4,0,4,1,0,0,0,0,395,168
426,15,Female,87,17,Tertiary,3,0,11,2,0,0,1,0,393,169
427,15,Male,81,10,Primary,7,1,5,1,0,0,0,1,362,201
428,18,Male,60,21,Primary,9,0,5,5,0,1,1,0,219,86
429,15,Female,94,17,Secondary,2,1,8,4,0,1,1,0,330,36
430,18,Male,74,23,Tertiary,2,0,3,2,0,0,1,1,390,54
431,15,Male,82,23,Tertiary,5,0,0,4,1,0,1,1,260,352
432,16,Male,87,14,Primary,8,1,5,4,0,0,1,1,260,220
433,15,Female,90,7,Primary,5,0,14,3,1,1,0,0,177,90
434,18,Female,57,18,Primary,3,1,4,3,1,0,0,0,137,94
435,18,Female,60,23,Secondary,6,1,9,2,1,1,1,1,127,133
436,18,Female,71,9,Secondary,9,1,5,3,1,1,1,0,199,60
437,18,Female,73,9,Primary,8,1,2,3,0,1,1,0,393,107
438,18,Male,90,24,Tertiary,9,1,1,3,1,0,0,0,223,162
439,17,Female,66,21,Tertiary,2,1,5,4,1,1,0,1,191,128
440,17,Male,61,14,Secondary,5,0,12,2,1,0,0,1,354,296
441,15,Male,95,9,Secondary,9,1,0,4,1,0,0,0,196,324
442,18,Female,81,8,Primary,2,1,6,5,1,0,0,0,105,348
443,15,Female,64,10,Tertiary,3,1,6,4,0,0,0,0,268,241
444,18,Male,65,8,Primary,3,1,9,5,0,1,0,0,370,342
445,18,Male,71,11,Secondary,6,0,12,1,1,1,0,1,207,177
446,17,Male,77,11,Tertiary,9,1,6,1,0,1,1,1,398,137
447,17,Female,69,22,Tertiary,6,1,14,5,0,1,0,0,146,166
448,16,Female,82,7,Secondary,7,0,11,5,1,0,0,0,198,72
449,17,Female,59,5,Primary,8,1,10,4,1,0,0,1,113,392
450,16,Female,89,8,Primary,9,1,9,5,1,0,0,0,293,167
451,16,Female,81,10,Tertiary,3,1,0,2,0,0,1,1,256,144
452,16,Male,99,13,Secondary,5,1,14,1,1,1,0,0,253,70
453,16,Female,82,18,Tertiary,2,1,3,1,0,0,1,1,214,83
454,16,Male,51,16,Secondary,4,0,12,5,0,1,1,0,357,281
455,15,Male,82,24,Primary,6,1,6,3,0,0,1,0,244,177
456,17,Male,82,8,Secondary,4,0,10,3,1,0,0,1,390,89
457,16,Female,90,16,Primary,9,1,8,5,0,0,0,1,109,189
458,18,Female,62,14,Secondary,5,1,4,2,1,0,0,0,313,70
459,17,Female,79,11,Tertiary,6,0,12,3,1,1,1,0,332,319
460,17,Male,82,7,Primary,4,0,1,5,1,1,1,1,270,101
461,16,Male,62,18,Tertiary,8,1,6,2,1,1,1,1,120,165
462,15,Male,75,14,Tertiary,5,0,9,2,1,1,1,0,114,89
463,16,Male,71,20,Primary,2,1,0,4,0,0,0,0,225,347
464,15,Male,88,20,Primary,8,0,6,2,0,0,0,1,312,63
465,18,Male,51,14,Tertiary,5,0,5,3,0,1,0,1,287,171
466,17,Female,87,17,Tertiary,7,1,6,3,0,1,1,1,271,82
467,18,Female,88,10,Tertiary,6,1,13,5,0,0,1,1,346,86
468,15,Female,75,16,Tertiary,3,1,12,5,1,0,0,1,104,143
469,15,Female,95,13,Primary,2,0,9,2,1,1,0,0,330,199
470,18,Male,99,17,Primary,9,1,2,1,0,1,1,0,300,28
471,15,Male,64,8,Tertiary,8,1,14,4,0,1,0,1,248,109
472,18,Female,83,15,Secondary,8,1,2,1,0,0,0,0,171,248
473,17,Male,91,24,Secondary,4,1,6,2,1,1,1,0,325,196
474,18,Female,93,22,Primary,6,1,12,2,1,1,1,1,173,154
475,17,Female,98,15,Tertiary,9,1,1,1,1,1,1,0,268,168
476,18,Female,89,8,Tertiary,3,0,0,4,0,1,0,0,348,304
477,15,Male,60,22,Primary,5,1,8,1,0,1,1,0,379,30
478,18,Female,52,5,Secondary,3,0,8,5,0,0,0,1,251,128
479,15,Female,55,11,Secondary,6,1,6,3,0,1,0,1,323,107
480,18,Female,58,10,Secondary,6,0,6,5,1,0,1,0,324,76
481,18,Male,55,19,Primary,7,1,2,3,0,1,0,0,137,97
482,16,Male,58,22,Secondary,7,1,9,2,0,1,1,0,143,304
483,15,Female,88,15,Primary,3,0,14,4,0,1,1,0,284,132
484,16,Male,80,24,Primary,5,0,1,1,1,0,0,0,340,327
485,15,Male,81,19,Tertiary,3,0,10,4,1,0,0,0,309,65
486,16,Male,90,20,Secondary,6,1,6,1,0,0,1,1,122,341
487,17,Male,99,11,Primary,6,1,8,5,1,1,1,0,223,35
488,18,Male,61,14,Secondary,4,0,0,5,1,1,1,0,185,284
489,15,Male,57,16,Secondary,7,1,12,1,1,0,1,1,142,142
490,15,Male,57,18,Tertiary,9,0,13,4,1,0,1,0,139,98
491,18,Male,99,9,Secondary,9,1,3,1,1,1,1,0,268,359
492,15,Male,77,22,Tertiary,9,1,5,2,0,0,0,0,274,81
493,15,Male,69,9,Primary,4,0,6,5,0,1,0,0,119,68
494,16,Female,96,7,Secondary,2,1,9,2,0,0,0,1,208,260
495,15,Female,56,9,Primary,9,0,6,5,1,0,0,0,292,185
496,17,Male,60,21,Secondary,6,0,9,5,1,0,1,1,343,173
497,17,Female,69,23,Primary,4,0,1,3,1,1,0,0,379,179
498,18,Female,65,23,Secondary,3,0,13,2,1,1,0,0,327,105
499,15,Male,53,16,Secondary,7,1,3,2,0,0,1,1,135,182
500,18,Male,55,13,Secondary,7,1,4,3,0,1,0,0,144,130
501,17,Male,71,5,Secondary,5,1,13,4,0,1,1,1,127,244
502,15,Female,75,22,Secondary,3,0,11,2,0,1,1,1,253,371
503,15,Female,52,8,Secondary,5,0,0,1,0,1,1,1,122,180
504,18,Male,90,14,Secondary,4,1,0,3,0,0,1,0,306,214
505,17,Male,91,11,Secondary,8,1,9,2,1,1,1,0,190,239
506,15,Male,63,5,Secondary,9,0,2,4,1,1,0,0,137,92
507,18,Female,60,21,Primary,2,1,14,2,0,0,0,0,327,35
508,17,Female,67,6,Tertiary,3,1,14,5,1,1,0,1,301,71
509,18,Female,61,15,Secondary,3,1,9,1,0,1,1,0,353,89
510,16,Female,72,13,Tertiary,3,1,2,3,0,1,0,0,137,129
511,15,Male,61,11,Secondary,5,0,11,5,1,0,0,1,320,109
512,16,Male,62,21,Secondary,4,0,7,4,0,0,0,1,286,137
513,17,Male,74,21,Primary,3,1,8,5,0,1,0,0,142,46
514,16,Male,94,6,Primary,8,0,14,5,0,1,1,1,213,51
515,16,Female,68,10,Tertiary,3,1,13,4,1,0,0,1,359,102
516,17,Female,95,18,Primary,7,1,10,5,1,0,1,1,104,45
517,18,Male,85,10,Primary,9,0,11,3,1,0,1,1,167,154
518,16,Male,94,6,Tertiary,2,1,0,2,1,1,0,1,327,167
519,18,Female,57,5,Primary,9,0,13,5,0,1,1,0,222,92
520,16,Male,78,14,Secondary,7,1,10,3,1,0,1,0,272,321
521,18,Female,81,9,Tertiary,7,1,1,2,1,1,1,0,252,48
522,17,Male,93,6,Tertiary,2,1,9,2,1,1,1,0,366,268
523,16,Male,67,20,Secondary,8,1,1,5,0,1,1,0,256,261
524,17,Male,55,6,Primary,4,1,14,3,1,1,1,0,261,32
525,16,Male,67,14,Tertiary,7,1,3,5,1,1,1,0,313,131
526,17,Male,68,6,Tertiary,4,1,1,4,0,1,0,1,125,349
527,17,Male,71,20,Secondary,7,0,6,2,0,1,0,0,391,94
528,16,Male,86,20,Secondary,6,0,12,5,0,0,1,0,288,177
529,16,Female,81,23,Primary,2,0,14,2,0,0,1,0,221,23
530,16,Female,90,11,Tertiary,7,0,8,3,1,0,0,1,329,88
531,15,Female,52,16,Primary,6,1,6,1,0,0,0,0,158,342
532,18,Female,77,19,Primary,9,1,11,5,1,0,0,0,195,158
533,15,Female,59,12,Secondary,5,1,5,5,1,0,0,1,361,200
534,15,Male,84,10,Tertiary,6,0,14,2,1,0,1,0,235,18
535,17,Male,78,14,Tertiary,3,1,9,3,1,0,1,0,382,104
536,16,Female,64,7,Tertiary,7,0,0,4,1,0,0,1,219,63
537,18,Male,82,23,Secondary,6,1,10,3,0,1,0,0,124,73
538,17,Female,56,21,Secondary,4,1,9,5,1,1,0,1,245,81
539,15,Female,61,11,Secondary,5,0,8,4,1,0,0,0,111,150
540,16,Male,98,24,Secondary,8,0,4,3,1,1,1,0,186,34
541,17,Male,79,8,Secondary,7,0,10,1,0,1,0,0,208,121
542,16,Male,70,18,Tertiary,3,1,4,2,1,0,0,1,365,90
543,17,Female,80,24,Primary,8,1,5,3,1,0,0,1,321,74
544,16,Male,73,19,Tertiary,6,1,8,3,0,0,1,1,173,176
545,15,Female,69,12,Primary,8,0,12,1,1,1,1,0,201,30
546,18,Female,86,19,Secondary,8,1,7,5,1,1,1,0,236,153
547,15,Female,53,24,Primary,5,1,7,2,0,0,0,1,290,148
548,18,Male,77,18,Tertiary,9,1,13,3,1,1,0,1,241,21
549,16,Male,93,13,Tertiary,8,0,7,4,1,1,0,0,172,74
550,17,Female,69,12,Primary,8,0,0,3,1,1,1,0,266,174
551,15,Male,73,21,Secondary,7,1,0,2,1,0,1,0,267,278
552,18,Male,99,6,Secondary,9,0,7,3,1,1,0,0,153,151
553,15,Male,98,7,Tertiary,5,0,4,1,0,1,0,1,358,240
554,18,Female,81,12,Primary,3,0,8,3,0,1,1,0,210,355
555,15,Female,90,16,Secondary,6,1,1,3,0,1,0,0,331,292
556,18,Male,85,5,Secondary,5,1,8,4,1,1,0,0,260,70
557,18,Female,83,14,Tertiary,5,1,11,1,1,1,0,0,118,17
558,16,Male,85,24,Secondary,2,1,13,1,1,1,1,0,389,56
559,18,Male,51,7,Primary,5,1,7,3,0,0,0,0,149,49
560,16,Male,64,10,Tertiary,9,0,8,4,1,0,0,0,274,77
561,18,Male,83,11,Tertiary,2,1,3,3,1,1,0,1,283,282
562,17,Female,85,24,Primary,6,0,0,3,1,0,0,1,284,300
563,17,Female,55,22,Tertiary,8,1,0,2,0,1,1,1,180,225
564,17,Female,88,15,Secondary,7,0,4,2,0,1,1,0,255,330
565,18,Male,91,23,Secondary,7,0,1,4,1,1,1,1,374,92
566,16,Male,61,9,Primary,6,0,13,5,1,0,0,0,382,113
567,16,Male,52,23,Secondary,6,0,7,2,1,1,1,0,348,149
568,18,Female,94,15,Primary,9,0,9,5,0,1,0,0,246,138
569,17,Male,67,16,Primary,4,0,10,1,0,0,1,0,106,22
570,17,Female,89,14,Secondary,8,1,4,2,0,0,0,1,256,112
571,16,Female,70,12,Primary,6,1,4,2,1,1,1,0,270,89
572,17,Female,64,13,Secondary,5,1,1,4,0,0,1,0,168,178
573,15,Female,82,8,Tertiary,9,1,6,5,1,0,1,1,193,109
574,16,Female,84,9,Tertiary,7,1,12,2,1,1,0,1,285,350
575,17,Female,75,12,Primary,3,1,7,2,0,1,0,1,269,106
576,16,Male,57,13,Secondary,9,1,9,4,1,1,0,0,303,18
577,15,Male,85,19,Secondary,7,0,12,4,0,0,1,1,141,211
578,16,Female,97,19,Tertiary,2,0,0,5,1,0,0,0,112,384
579,16,Female,79,20,Tertiary,9,1,1,1,1,0,0,0,253,111
580,16,Male,72,18,Secondary,7,1,9,1,0,1,0,1,373,192
581,16,Female,91,12,Primary,4,1,3,3,1,0,0,1,397,188
582,15,Female,93,22,Tertiary,9,0,4,2,1,0,0,1,150,315
583,18,Male,63,14,Primary,9,0,12,5,1,1,0,0,311,168
584,16,Female,63,24,Primary,8,1,1,2,1,1,1,0,243,148
585,16,Female,51,10,Tertiary,6,0,0,5,1,1,1,0,102,194
586,17,Female,86,16,Primary,8,1,8,5,1,0,0,0,353,399
587,16,Male,54,6,Primary,9,1,13,5,1,1,1,0,355,102
588,17,Male,87,11,Secondary,6,1,0,2,1,0,1,0,197,109
589,18,Male,94,20,Primary,7,1,12,4,0,0,0,1,272,78
590,15,Female,90,7,Secondary,3,1,14,2,0,1,0,0,249,67
591,15,Female,96,17,Tertiary,3,1,3,5,1,1,1,1,378,100
592,18,Male,63,7,Tertiary,9,1,1,3,1,1,0,1,158,86
593,15,Female,88,22,Secondary,4,1,10,1,0,1,1,1,212,190
594,18,Female,74,15,Tertiary,2,0,3,5,1,1,1,1,342,148
595,18,Female,69,12,Primary,7,0,7,3,0,0,1,1,156,96
596,18,Female,51,10,Primary,6,0,7,4,0,0,0,0,159,216
597,15,Female,88,5,Primary,9,1,14,5,0,0,1,0,315,203
598,17,Male,55,5,Tertiary,7,1,10,3,1,1,0,0,332,189
599,18,Female,66,12,Primary,9,1,11,5,1,0,0,0,154,165
600,16,Male,74,9,Tertiary,4,0,8,2,1,1,0,1,307,72
601,15,Female,77,20,Primary,5,0,12,3,0,1,0,1,162,207
602,18,Male,51,15,Secondary,5,1,14,2,0,0,0,1,283,18
603,18,Female,84,9,Tertiary,4,0,10,2,0,0,1,0,380,114
604,16,Male,86,8,Tertiary,6,1,14,3,1,1,0,0,125,198
605,17,Female,54,10,Primary,8,1,11,1,0,0,0,0,276,335
606,17,Male,50,18,Tertiary,4,1,4,3,0,1,0,0,162,61
607,17,Female,89,23,Tertiary,9,0,6,1,1,0,0,1,172,287
608,18,Male,61,13,Secondary,6,0,2,5,0,0,0,1,266,57
609,18,Female,85,16,Secondary,3,0,9,5,0,0,1,0,324,133
610,18,Male,94,15,Primary,4,1,3,3,1,0,0,0,164,144
611,15,Male,72,18,Secondary,6,1,9,5,1,0,0,1,168,57
612,16,Female,96,20,Primary,4,0,8,4,0,1,1,1,108,150
613,18,Female,80,5,Primary,4,1,9,2,1,0,0,1,335,28
614,16,Male,60,17,Primary,8,1,9,2,0,0,1,1,297,44
615,16,Female,59,17,Tertiary,8,0,13,1,1,0,1,0,272,123
616,17,Male,52,6,Secondary,9,1,11,5,0,1,1,1,381,77
617,15,Male,63,8,Primary,6,1,0,1,1,1,1,1,127,151
618,18,Male,65,10,Secondary,6,0,1,2,0,1,0,1,395,37
619,17,Female,59,9,Primary,2,0,4,2,1,1,0,1,233,347
620,17,Male,78,7,Secondary,4,1,2,5,1,1,1,0,126,38
621,18,Male,59,5,Secondary,5,1,1,4,1,0,1,0,137,104
622,16,Female,61,8,Primary,4,1,0,4,1,0,0,0,295,138
623,17,Female,79,24,Tertiary,4,1,9,5,1,0,1,0,302,191
624,16,Female,90,6,Secondary,6,1,2,5,1,1,1,0,184,164
625,15,Female,50,9,Tertiary,4,0,0,1,1,1,1,0,129,21
626,16,Male,54,7,Tertiary,7,1,11,5,0,0,0,1,198,244
627,15,Male,69,13,Primary,4,1,0,4,0,1,1,1,289,215
628,16,Male,57,24,Primary,7,0,11,5,1,1,0,1,111,166
629,17,Male,92,10,Primary,8,1,0,1,1,1,0,1,190,27
630,17,Female,61,22,Secondary,5,1,7,1,0,0,0,0,129,374
631,15,Male,50,10,Primary,9,0,14,1,0,0,1,1,312,80
632,18,Male,69,23,Primary,6,1,2,1,1,1,1,0,137,13
633,15,Female,77,16,Secondary,4,0,10,3,0,1,0,1,159,64
634,15,Male,92,15,Secondary,7,0,0,5,0,1,0,1,393,121
635,16,Male,86,6,Primary,7,0,6,2,1,1,0,1,242,114
636,16,Male,96,19,Primary,8,1,9,5,1,0,1,0,279,307
637,15,Male,86,16,Primary,7,1,2,3,1,1,1,1,384,383
638,17,Male,61,16,Primary,9,0,7,1,0,0,0,0,211,104
639,16,Male,86,13,Tertiary,3,1,3,3,1,0,0,0,329,35
640,18,Female,98,6,Tertiary,2,0,3,4,1,0,1,1,120,167
641,16,Female,98,7,Primary,9,1,4,4,0,1,0,0,244,18
642,16,Male,93,16,Tertiary,5,1,5,5,1,0,1,0,245,99
643,18,Male,77,20,Secondary,9,1,6,5,0,0,1,1,265,128
644,15,Female,96,5,Tertiary,8,1,13,2,0,1,0,1,239,208
645,18,Male,64,7,Tertiary,8,0,13,2,0,1,0,1,302,104
646,15,Male,55,24,Primary,9,0,3,4,0,1,1,1,343,44
647,15,Male,93,6,Tertiary,4,1,7,1,0,0,1,1,212,340
648,15,Female,69,13,Tertiary,3,1,12,3,0,1,1,1,300,27
649,18,Male,99,23,Tertiary,4,0,5,2,1,0,1,0,358,151
650,15,Female,63,19,Tertiary,4,0,13,2,1,0,1,1,354,378
651,17,Male,51,22,Secondary,9,0,0,1,1,1,0,1,122,227
652,18,Female,58,15,Primary,6,1,0,1,0,0,1,0,345,80
653,17,Female,86,20,Primary,6,0,8,5,1,0,1,1,186,91
654,15,Male,69,21,Secondary,6,1,9,3,0,0,1,0,318,64
655,16,Female,75,9,Tertiary,3,1,5,1,1,0,0,1,126,135
656,15,Male,78,16,Secondary,4,1,9,2,0,1,0,1,389,25
657,17,Female,50,15,Tertiary,2,0,7,2,1,0,1,0,388,160
658,17,Male,84,19,Secondary,5,1,12,4,0,1,1,1,322,13
659,18,Male,55,7,Primary,6,0,6,1,1,0,0,0,277,45
660,16,Female,86,5,Primary,6,1,11,5,0,0,0,1,247,280
661,18,Male,54,24,Primary,8,1,5,3,1,1,0,1,326,86
662,17,Male,82,20,Tertiary,4,0,3,5,0,0,0,0,285,261
663,15,Female,98,6,Tertiary,4,1,6,2,1,0,1,1,393,81
664,16,Male,63,6,Secondary,3,1,8,5,1,0,0,1,140,374
665,15,Male,61,7,Secondary,3,1,13,2,1,0,1,0,290,187
666,15,Female,91,12,Primary,6,0,10,2,0,0,1,1,178,78
667,16,Female,69,19,Tertiary,4,1,9,2,0,0,0,0,304,287
668,18,Male,99,11,Secondary,2,1,9,2,0,1,0,1,377,117
669,15,Male,73,10,Tertiary,5,1,13,2,0,1,0,0,371,50
670,17,Female,92,13,Tertiary,9,1,6,4,0,1,0,1,131,17
671,15,Female,83,24,Primary,4,0,0,5,1,0,1,0,241,101
672,16,Male,74,5,Primary,8,1,9,4,0,0,1,0,350,83
673,16,Female,99,12,Tertiary,9,1,8,4,1,0,1,1,393,316
674,16,Male,78,7,Tertiary,4,1,12,1,1,1,0,1,197,210
675,18,Male,88,8,Tertiary,7,1,3,1,0,0,1,0,235,78
676,15,Male,80,19,Tertiary,3,0,14,1,1,1,0,1,376,372
677,18,Male,96,10,Primary,8,0,2,3,0,0,1,0,142,123
678,18,Male,92,19,Secondary,5,0,3,1,0,0,0,1,219,367
679,16,Female,99,7,Primary,6,0,3,5,0,0,1,1,319,34
680,16,Female,72,18,Secondary,8,1,12,4,1,1,1,0,145,134
681,18,Female,93,24,Tertiary,4,0,9,5,0,0,0,0,335,374
682,15,Female,87,18,Secondary,6,0,10,1,0,1,1,1,147,140
683,17,Male,69,8,Primary,4,1,1,3,0,0,1,1,297,25
684,18,Male,72,16,Primary,6,1,13,3,1,0,0,1,183,83
685,15,Male,94,21,Tertiary,5,1,11,4,0,1,0,1,130,92
686,16,Male,65,11,Primary,3,1,13,5,1,0,0,1,260,86
687,16,Female,99,13,Tertiary,5,0,0,2,1,0,0,0,170,199
688,15,Male,91,7,Primary,7,1,11,5,0,0,0,1,107,42
689,17,Male,57,17,Primary,2,1,9,1,1,0,1,1,151,179
690,16,Female,99,19,Tertiary,3,0,11,2,1,1,0,0,144,181
691,16,Female,70,22,Secondary,5,1,0,3,0,1,1,0,392,126
692,16,Female,50,23,Primary,7,1,12,4,0,0,1,0,399,120
693,15,Female,57,5,Secondary,2,0,13,4,0,0,0,1,137,324
694,18,Male,78,10,Primary,7,0,7,3,1,1,1,0,330,112
695,16,Male,81,6,Primary,4,0,13,1,0,0,1,0,361,153
696,18,Female,87,18,Primary,9,0,1,3,1,1,0,0,167,162
697,17,Male,54,10,Primary,4,1,11,1,1,0,1,0,278,163
698,16,Male,96,18,Secondary,6,1,9,2,1,1,0,1,285,62
699,16,Male,71,8,Secondary,3,0,4,3,1,1,0,1,300,191
700,17,Female,96,12,Primary,4,1,11,1,1,1,0,1,112,99
701,16,Male,83,7,Primary,8,1,3,2,0,1,1,0,313,197
702,18,Female,50,23,Secondary,7,1,7,3,0,0,1,0,319,256
703,15,Male,75,18,Tertiary,3,1,1,4,1,0,1,0,385,150
704,18,Male,92,24,Tertiary,9,0,9,3,1,1,1,0,343,151
705,15,Male,59,21,Secondary,8,1,8,5,0,1,0,0,357,157
706,15,Female,79,12,Primary,4,1,6,3,0,1,1,0,157,149
707,18,Male,99,18,Primary,6,1,14,5,1,1,0,1,135,126
708,18,Female,67,10,Tertiary,5,1,12,2,1,0,1,1,292,363
709,18,Female,66,20,Tertiary,6,0,6,3,0,1,1,0,149,333
710,18,Female,75,23,Secondary,8,1,0,2,0,1,1,1,131,394
711,17,Male,57,18,Tertiary,2,0,13,2,1,1,1,0,197,115
712,16,Male,96,23,Secondary,4,1,11,1,0,1,1,0,142,56
713,15,Male,89,7,Tertiary,8,1,1,2,0,1,0,1,146,189
714,18,Male,98,14,Tertiary,2,0,3,2,1,1,1,0,369,71
715,18,Female,61,23,Tertiary,2,1,3,3,1,1,1,1,162,84
716,18,Female,76,13,Primary,7,0,10,3,1,0,1,0,118,397
717,17,Female,57,24,Primary,3,1,13,4,0,1,1,0,200,134
718,18,Male,74,17,Primary,7,1,2,1,1,1,0,1,136,61
719,18,Female,95,11,Tertiary,4,1,6,2,0,1,1,0,206,131
720,18,Male,53,18,Secondary,2,1,11,1,1,0,0,0,191,194
721,16,Female,82,13,Secondary,9,1,7,5,1,0,1,0,284,197
722,17,Male,50,23,Secondary,8,1,1,2,0,0,0,1,315,69
723,18,Male,68,19,Secondary,5,1,3,1,0,1,0,0,127,89
724,15,Female,80,24,Primary,2,1,13,4,1,1,0,0,135,45
725,15,Female,65,18,Primary,8,0,2,4,1,1,0,0,117,30
726,15,Female,63,10,Tertiary,9,1,1,2,0,0,0,1,295,243
727,17,Female,97,8,Tertiary,5,0,11,5,1,1,1,1,177,117
728,17,Male,54,12,Secondary,7,1,12,4,0,0,0,1,266,106
729,15,Female,90,21,Primary,7,0,13,4,0,0,1,1,189,195
730,18,Female,75,13,Secondary,3,0,5,5,1,0,0,1,363,177
731,17,Female,77,5,Tertiary,8,1,12,1,0,0,0,0,307,60
732,15,Male,51,24,Tertiary,2,1,3,4,0,0,1,1,311,46
733,15,Male,99,18,Secondary,6,0,5,3,0,1,0,1,370,144
734,18,Female,55,15,Tertiary,7,0,1,4,1,1,0,0,362,170
735,16,Male,58,7,Secondary,7,1,11,1,0,0,0,1,372,71
736,17,Female,82,13,Primary,3,1,3,1,1,1,0,0,313,27
737,18,Male,90,18,Secondary,5,0,10,2,1,1,1,1,163,120
738,15,Male,74,13,Primary,3,0,5,3,1,0,0,0,111,189
739,15,Male,97,8,Primary,9,1,13,1,0,0,0,0,309,47
740,18,Male,62,8,Tertiary,2,0,4,5,0,1,1,1,273,275
741,17,Female,58,12,Tertiary,8,1,2,3,1,1,1,1,355,156
742,16,Female,62,6,Tertiary,4,1,7,3,1,1,0,0,200,98
743,16,Female,80,13,Secondary,4,1,6,5,0,1,0,0,115,137
744,15,Male,90,18,Secondary,8,0,2,4,1,0,1,0,296,42
745,17,Female,60,13,Tertiary,5,1,5,5,1,1,0,0,357,176
746,16,Female,53,20,Secondary,9,1,3,5,0,0,1,0,343,381
747,17,Female,83,21,Tertiary,7,1,10,4,1,0,0,0,348,391
748,17,Male,87,20,Secondary,5,1,4,4,0,1,1,0,204,71
749,15,Male,95,16,Primary,7,1,10,4,0,1,1,1,281,14
750,16,Male,53,7,Primary,7,1,4,4,1,1,1,0,254,135
751,18,Female,87,15,Tertiary,4,1,6,4,0,0,0,1,386,158
752,15,Female,68,18,Secondary,5,1,10,5,0,0,0,1,268,96
753,16,Female,55,22,Secondary,9,1,4,2,0,0,0,0,146,10
754,16,Male,83,9,Primary,3,1,10,2,1,0,0,0,142,62
755,16,Male,67,20,Primary,7,0,14,1,1,1,1,1,320,185
756,16,Female,62,24,Tertiary,6,1,2,2,1,0,1,0,100,70
757,16,Male,90,9,Primary,6,1,9,2,0,0,1,0,299,259
758,17,Male,72,7,Tertiary,3,0,4,5,0,1,0,1,243,26
759,15,Male,68,16,Primary,6,0,6,4,1,0,0,1,127,166
760,17,Male,94,5,Primary,2,1,4,4,1,0,0,1,377,224
761,18,Female,60,13,Secondary,7,1,4,5,0,1,1,0,140,191
762,16,Male,50,13,Primary,3,1,8,2,1,0,0,0,246,167
763,15,Male,73,8,Primary,5,0,14,5,1,0,0,1,277,228
764,16,Male,56,7,Tertiary,7,1,2,1,1,0,1,0,266,96
765,15,Male,74,21,Primary,3,0,12,4,1,0,1,1,222,38
766,17,Female,70,6,Tertiary,4,1,5,3,1,1,0,0,173,220
767,15,Female,64,5,Primary,9,0,0,1,0,0,1,1,338,95
768,18,Male,50,12,Primary,5,0,9,1,1,1,0,0,348,226
769,18,Male,61,17,Tertiary,9,0,4,5,1,0,1,1,362,220
770,15,Male,56,19,Secondary,4,0,7,2,0,1,1,0,351,184
771,15,Male,64,12,Tertiary,7,0,4,4,0,1,1,0,210,287
772,15,Male,70,16,Tertiary,5,0,8,3,0,1,0,1,279,236
773,15,Male,68,16,Tertiary,9,1,10,1,0,0,0,0,287,10
774,18,Female,78,18,Secondary,6,1,5,3,1,0,0,0,306,373
775,16,Male,74,19,Primary,9,0,7,2,1,0,1,1,333,174
776,15,Female,82,19,Tertiary,3,1,9,2,1,1,1,0,123,200
777,15,Female,98,13,Tertiary,7,0,7,3,1,0,1,0,125,163
778,18,Male,81,23,Secondary,2,1,12,4,0,0,1,0,317,102
779,18,Female,98,24,Tertiary,9,0,2,2,0,0,0,1,109,161
780,17,Female,84,12,Primary,5,0,6,3,1,0,0,1,116,75
781,15,Female,93,23,Secondary,5,1,13,1,1,1,0,1,344,63
782,17,Female,87,10,Primary,8,1,6,3,1,1,1,1,305,69
783,18,Female,75,24,Primary,9,1,13,3,1,0,1,1,357,94
784,18,Female,60,23,Secondary,7,1,9,5,0,0,0,0,211,108
785,16,Male,84,8,Tertiary,7,1,11,2,1,0,1,0,304,252
786,15,Female,57,11,Primary,4,0,5,4,0,1,0,1,126,149
787,17,Female,95,8,Primary,8,0,11,4,0,0,1,0,170,275
788,18,Female,63,16,Primary,9,0,6,5,0,1,1,0,275,51
789,18,Male,59,17,Primary,6,0,13,4,0,1,0,0,301,358
790,17,Female,51,7,Secondary,4,1,1,3,1,0,0,0,347,167
791,16,Male,95,16,Secondary,8,1,8,5,1,0,1,1,217,63
792,18,Female,58,6,Primary,9,0,9,1,1,0,0,1,108,203
793,15,Male,52,6,Tertiary,9,1,9,2,1,1,0,0,185,140
794,18,Male,70,13,Primary,4,1,0,2,0,1,1,0,122,252
795,15,Female,75,5,Tertiary,6,0,0,2,0,0,1,1,339,192
796,17,Female,57,12,Primary,8,0,2,3,0,1,1,0,172,99
797,15,Male,97,10,Tertiary,9,0,13,1,1,0,0,0,126,112
798,17,Female,51,10,Primary,9,0,14,5,0,0,1,0,180,119
799,15,Male,55,22,Tertiary,8,0,2,5,0,1,1,1,183,53
800,17,Male,77,21,Primary,2,1,0,2,0,1,1,1,298,50
801,15,Male,78,16,Primary,4,0,11,1,0,1,1,0,142,196
802,16,Male,75,10,Tertiary,4,0,6,1,1,1,1,0,362,118
803,15,Male,74,12,Secondary,5,1,3,1,0,0,0,0,191,174
804,15,Female,61,23,Tertiary,6,1,9,4,0,0,1,0,183,301
805,16,Male,54,14,Secondary,3,1,12,4,1,0,1,0,399,20
806,18,Male,83,5,Primary,2,0,1,2,1,1,0,0,395,43
807,18,Female,97,17,Tertiary,8,0,9,1,1,0,1,1,234,152
808,15,Male,86,21,Tertiary,8,1,4,1,0,1,1,1,380,17
809,16,Female,64,7,Tertiary,8,0,5,5,0,1,0,0,158,135
810,15,Female,93,12,Secondary,2,0,8,5,0,1,1,1,340,247
811,17,Female,85,18,Secondary,9,1,3,2,0,0,0,0,197,18
812,17,Male,64,7,Primary,8,1,1,1,1,1,1,0,161,43
813,15,Male,92,20,Secondary,8,1,4,2,0,1,0,1,363,61
814,18,Male,97,17,Secondary,6,1,2,5,0,1,0,1,212,72
815,18,Female,72,24,Primary,7,1,1,5,1,1,1,0,245,173
816,15,Male,55,21,Tertiary,7,0,11,4,1,1,0,0,315,132
817,15,Female,95,17,Tertiary,5,0,0,2,1,1,0,1,355,88
818,17,Male,99,10,Primary,5,0,9,2,0,1,1,1,357,202
819,18,Female,93,21,Tertiary,8,0,1,1,0,1,1,0,293,267
820,15,Male,92,18,Secondary,6,1,5,1,0,1,0,0,113,41
821,17,Male,94,21,Primary,8,1,7,4,0,1,1,0,202,41
822,18,Male,70,12,Primary,5,1,12,3,0,1,0,1,344,46
823,16,Female,72,15,Primary,2,0,2,3,1,1,0,0,344,267
824,17,Female,92,24,Tertiary,2,0,10,3,1,0,1,1,367,164
825,18,Male,65,5,Primary,9,0,14,2,0,0,1,0,323,214
826,18,Male,96,11,Primary,3,0,8,2,0,1,0,1,319,77
827,17,Female,64,21,Primary,7,0,14,5,0,1,1,1,316,148
828,16,Female,74,14,Tertiary,6,1,11,2,0,1,1,1,103,132
829,17,Female,85,15,Secondary,4,1,8,2,0,0,0,1,135,25
830,18,Male,60,13,Primary,7,1,1,2,1,0,0,0,277,213
831,15,Female,64,13,Secondary,4,1,7,4,1,0,0,1,356,173
832,15,Male,53,9,Tertiary,3,1,9,2,1,1,0,1,116,241
833,17,Female,70,21,Tertiary,3,0,10,1,0,1,0,1,298,171
834,18,Male,62,13,Tertiary,8,0,11,1,0,1,0,0,147,85
835,15,Female,71,21,Tertiary,5,0,4,5,1,1,1,0,161,356
836,18,Female,68,23,Secondary,3,1,3,4,1,0,0,0,168,192
837,17,Female,83,11,Primary,3,1,9,1,0,1,1,0,246,146
838,15,Female,63,13,Tertiary,4,0,4,4,1,0,1,0,261,202
839,18,Female,53,11,Tertiary,5,1,3,4,1,0,0,0,326,46
840,15,Male,97,17,Secondary,3,1,7,5,0,1,1,1,329,291
841,17,Female,95,15,Secondary,7,0,3,4,1,0,0,1,277,75
842,18,Female,76,18,Tertiary,9,0,12,2,1,0,1,1,155,177
843,15,Female,78,23,Primary,3,1,9,4,1,0,0,0,177,348
844,17,Male,96,15,Primary,9,1,11,5,0,0,0,1,369,140
845,15,Female,77,17,Tertiary,5,0,12,5,1,1,0,1,305,332
846,15,Male,84,18,Secondary,8,1,13,5,1,1,0,0,380,178
847,16,Female,57,17,Tertiary,6,0,5,1,1,0,1,1,327,79
848,16,Female,65,5,Tertiary,5,1,1,2,0,1,1,0,338,26
849,17,Male,91,12,Secondary,4,1,4,1,0,0,1,1,387,67
850,16,Female,85,16,Tertiary,6,1,5,3,1,1,1,0,181,134
851,17,Male,79,23,Tertiary,7,1,4,2,0,1,1,0,349,140
852,16,Male,67,16,Tertiary,2,1,11,4,1,1,0,0,292,172
853,15,Female,51,12,Secondary,9,1,1,5,0,1,0,1,205,124
854,17,Male,98,12,Primary,9,0,13,3,0,1,0,1,288,60
855,17,Female,62,17,Primary,9,1,6,2,1,0,0,0,375,95
856,15,Female,53,16,Secondary,5,0,3,1,1,1,0,0,173,110
857,17,Male,75,20,Primary,9,1,7,5,1,0,1,1,109,104
858,17,Male,74,5,Tertiary,8,1,6,1,0,0,0,1,222,248
859,16,Male,79,17,Primary,9,1,6,2,1,1,0,0,315,143
860,17,Male,60,11,Tertiary,4,1,8,2,0,0,1,1,389,143
861,18,Female,56,9,Primary,7,1,0,3,0,1,1,1,139,270
862,15,Female,80,12,Secondary,9,0,9,4,1,0,0,1,292,156
863,16,Male,93,18,Primary,9,1,5,1,0,0,0,0,226,93
864,16,Female,59,17,Primary,6,0,5,3,1,1,1,0,388,182
865,18,Female,88,19,Primary,7,0,5,5,0,1,0,1,170,115
866,15,Female,62,21,Secondary,9,0,12,4,1,1,0,0,236,334
867,15,Female,80,19,Primary,5,1,11,3,0,1,0,1,243,123
868,16,Male,56,24,Secondary,3,1,5,1,0,0,1,1,398,237
869,17,Male,98,22,Tertiary,8,1,11,2,1,1,0,0,368,87
870,16,Female,91,22,Primary,5,1,9,5,0,0,0,0,238,77
871,15,Male,91,6,Secondary,2,0,6,1,1,0,1,0,151,83
872,18,Male,85,8,Secondary,5,0,13,4,0,0,1,1,116,101
873,16,Male,69,5,Primary,6,1,9,4,0,0,1,1,264,342
874,15,Female,53,8,Tertiary,6,1,5,2,0,0,0,0,112,68
875,16,Female,56,22,Secondary,9,1,0,2,1,0,1,0,289,19
876,17,Female,50,9,Primary,5,0,2,5,1,1,0,0,363,33
877,16,Male,93,23,Tertiary,6,1,1,5,1,0,1,1,320,11
878,16,Female,94,19,Secondary,3,1,5,2,1,0,0,1,203,375
879,15,Female,91,12,Secondary,7,0,7,2,1,0,1,1,297,166
880,15,Male,96,24,Tertiary,5,1,2,4,0,1,0,0,399,123
881,15,Female,62,21,Tertiary,8,1,9,2,0,1,0,0,268,43
882,16,Female,71,5,Primary,3,1,7,3,1,0,1,1,248,384
883,17,Male,70,16,Primary,9,0,7,1,0,1,1,0,348,262
884,18,Male,71,23,Secondary,7,1,4,2,0,0,0,0,355,257
885,18,Male,77,19,Tertiary,8,0,7,5,0,1,1,0,141,97
886,15,Female,58,13,Tertiary,9,0,5,3,0,0,0,0,301,19
887,15,Female,75,11,Tertiary,8,1,4,5,1,1,1,1,343,12
888,16,Female,58,6,Secondary,9,1,8,3,0,1,1,0,256,333
889,18,Male,64,13,Tertiary,8,0,13,2,1,1,0,1,385,198
890,15,Male,59,14,Tertiary,7,1,6,1,1,0,1,1,381,101
891,17,Female,73,6,Secondary,3,1,7,5,0,0,1,0,337,262
892,17,Female,91,23,Primary,8,1,0,3,1,0,0,1,118,181
893,15,Male,57,15,Primary,8,1,10,4,0,1,0,1,152,283
894,15,Male,73,17,Secondary,4,1,1,2,0,1,1,0,184,183
895,18,Male,65,14,Tertiary,5,1,7,1,0,0,0,1,372,334
896,18,Male,98,18,Secondary,7,0,11,2,1,1,1,1,312,163
897,16,Female,75,22,Primary,9,0,8,4,1,0,1,1,203,213
898,18,Male,76,23,Primary,7,1,3,1,1,0,0,1,291,96
899,17,Female,86,13,Secondary,6,1,11,4,0,0,0,1,276,121
900,17,Female,53,11,Secondary,9,1,9,2,0,0,0,1,246,347
901,15,Female,99,7,Primary,7,0,10,3,0,1,0,1,180,148
902,18,Male,73,24,Secondary,3,0,9,2,1,1,0,1,292,26
903,16,Male,68,10,Primary,9,1,13,2,0,1,0,0,136,102
904,17,Male,85,6,Secondary,9,0,8,2,0,0,1,0,253,226
905,17,Male,88,10,Secondary,7,1,3,5,1,1,1,0,229,143
906,16,Female,59,7,Secondary,9,0,9,4,1,0,0,1,158,90
907,16,Male,74,20,Primary,4,1,9,4,1,0,1,1,323,87
908,17,Male,67,12,Secondary,5,1,9,4,0,0,1,1,348,191
909,17,Female,68,6,Primary,9,0,8,5,0,0,1,0,339,133
910,16,Male,85,21,Primary,5,1,10,3,0,0,1,0,392,120
911,17,Female,59,13,Secondary,7,0,6,2,1,0,0,0,386,28
912,15,Female,82,16,Secondary,8,1,1,3,1,1,1,1,303,287
913,15,Female,99,7,Primary,2,1,8,5,1,1,1,0,198,136
914,16,Female,54,15,Primary,2,1,3,4,1,1,0,0,275,339
915,18,Female,96,5,Tertiary,8,1,7,2,0,1,0,1,361,21
916,16,Female,98,17,Primary,8,1,13,1,0,0,0,0,370,190
917,16,Female,84,19,Tertiary,8,0,6,1,0,0,0,1,242,193
918,18,Female,93,9,Tertiary,3,0,12,3,0,1,1,0,288,65
919,18,Male,83,21,Tertiary,2,1,14,4,0,1,0,1,371,334
920,18,Male,82,10,Secondary,8,1,6,1,0,1,1,1,119,28
921,15,Male,70,15,Secondary,3,1,7,3,0,1,1,1,399,235
922,17,Male,66,22,Primary,6,1,0,5,0,1,0,1,145,187
923,15,Female,71,8,Tertiary,9,1,4,3,1,1,0,1,194,386
924,17,Male,97,7,Secondary,3,1,1,3,1,1,0,0,163,57
925,15,Female,86,17,Secondary,2,1,1,3,0,1,0,1,230,97
926,17,Male,64,13,Secondary,7,1,14,2,1,0,0,1,108,108
927,15,Male,84,10,Secondary,6,1,0,3,0,0,0,1,302,132
928,18,Male,77,16,Secondary,2,0,4,3,0,0,1,1,397,75
929,16,Female,56,6,Tertiary,9,0,1,2,1,0,1,0,273,31
930,15,Male,81,7,Tertiary,3,0,3,2,0,1,1,1,172,123
931,17,Female,60,7,Tertiary,4,0,2,5,0,0,1,0,183,178
932,18,Female,59,16,Tertiary,5,0,2,4,0,1,0,1,158,159
933,15,Male,58,19,Primary,9,1,1,1,0,0,0,1,120,180
934,15,Male,63,13,Tertiary,2,1,12,1,0,1,1,0,256,26
935,18,Male,62,12,Secondary,8,1,5,3,0,1,1,0,160,229
936,15,Female,74,15,Tertiary,3,1,1,5,0,0,1,0,163,223
937,16,Male,51,20,Primary,8,0,13,3,1,0,0,1,267,191
938,15,Female,84,8,Secondary,8,0,13,1,1,1,0,0,302,147
939,16,Female,56,5,Tertiary,8,0,7,2,0,1,0,1,228,22
940,16,Male,70,11,Tertiary,8,1,7,4,1,1,1,0,344,14
941,18,Male,67,6,Tertiary,8,0,12,5,0,0,1,0,205,54
942,15,Female,52,9,Secondary,6,0,13,2,0,0,0,1,221,98
943,18,Female,91,11,Secondary,2,1,11,4,0,1,0,0,281,298
944,15,Female,88,8,Primary,9,1,4,5,0,0,1,0,202,291
945,15,Male,90,9,Secondary,2,0,9,5,1,1,1,1,360,131
946,17,Female,98,5,Secondary,9,1,6,1,1,0,0,1,212,96
947,15,Male,60,5,Tertiary,5,1,3,2,1,0,1,1,169,158
948,18,Female,88,19,Secondary,3,1,0,5,1,0,0,0,259,180
949,16,Female,73,24,Tertiary,4,1,10,5,0,0,0,0,339,60
950,15,Male,95,23,Tertiary,6,0,1,4,1,0,1,0,110,12
951,17,Female,68,14,Secondary,3,0,9,1,0,1,1,0,237,17
952,18,Male,53,22,Primary,6,1,9,3,0,1,1,0,266,81
953,15,Male,75,7,Primary,9,1,3,1,1,0,0,1,346,59
954,18,Female,87,15,Secondary,2,1,0,3,0,1,1,0,130,28
955,17,Male,91,19,Primary,8,1,14,2,1,1,1,1,111,170
956,17,Male,81,15,Tertiary,5,1,12,2,1,0,0,0,342,199
957,18,Female,88,21,Tertiary,5,1,7,5,1,1,0,1,207,79
958,15,Male,94,21,Secondary,7,1,8,2,1,0,1,0,293,44
959,16,Male,95,10,Primary,4,1,3,5,1,1,0,0,232,163
960,17,Male,85,9,Primary,5,0,9,1,0,1,0,1,380,130
961,15,Female,89,12,Tertiary,8,1,2,2,1,1,0,0,390,316
962,15,Male,86,6,Secondary,2,0,1,1,1,1,1,1,262,61
963,16,Female,82,20,Primary,4,0,4,1,0,1,1,0,377,77
964,17,Female,85,24,Secondary,9,1,13,2,1,1,0,0,302,304
965,17,Male,52,16,Primary,3,0,2,1,1,1,0,1,195,117
966,15,Male,58,10,Tertiary,9,0,9,2,0,0,0,0,322,251
967,15,Male,57,5,Tertiary,8,0,6,2,0,0,1,1,336,221
968,16,Female,82,8,Secondary,8,1,10,2,1,0,0,0,216,33
969,16,Male,55,21,Tertiary,5,1,5,3,0,0,0,0,291,166
970,17,Male,90,17,Primary,4,1,0,1,1,1,1,0,375,118
971,18,Male,88,22,Tertiary,2,0,11,4,0,1,0,0,205,153
972,17,Male,53,9,Secondary,9,1,7,2,1,1,1,0,103,193
973,15,Male,62,7,Secondary,7,1,1,1,1,0,1,0,117,31
974,17,Female,98,15,Secondary,9,0,4,5,1,0,1,0,119,50
975,18,Female,51,17,Primary,6,1,8,2,0,0,0,1,221,236
976,16,Male,54,8,Primary,6,0,7,2,1,1,0,0,236,26
977,18,Male,93,18,Primary,2,1,1,4,0,0,1,0,179,296
978,18,Male,76,15,Primary,2,1,8,3,1,1,0,0,253,134
979,18,Male,81,14,Primary,6,1,4,3,1,0,1,1,124,75
980,16,Female,70,23,Tertiary,7,0,9,2,1,1,0,1,268,173
981,18,Male,57,22,Primary,4,1,13,1,1,0,1,0,158,131
982,18,Female,87,10,Primary,6,1,5,5,1,1,1,0,140,147
983,18,Female,57,19,Tertiary,2,1,12,5,0,0,0,0,137,136
984,15,Male,99,14,Primary,5,1,2,1,0,0,0,1,216,214
985,18,Female,52,9,Secondary,3,0,12,2,0,1,0,0,374,304
986,16,Female,93,9,Primary,7,0,2,5,1,1,0,1,369,20
987,18,Female,52,14,Primary,8,1,9,3,1,0,1,0,226,186
988,18,Female,71,9,Secondary,7,1,7,1,0,1,1,1,102,362
989,16,Male,55,7,Secondary,5,1,10,4,1,0,0,1,392,57
990,18,Male,51,10,Secondary,5,0,9,2,1,1,0,0,115,34
991,16,Female,72,8,Secondary,8,1,9,1,1,0,1,0,364,137
992,18,Male,93,22,Primary,9,0,14,5,0,1,0,0,338,27
993,16,Male,51,13,Secondary,2,1,11,2,0,0,0,0,362,131
994,18,Male,87,21,Secondary,6,1,1,3,0,0,0,0,233,131
995,18,Male,66,17,Tertiary,9,1,10,2,0,0,0,0,312,95
996,15,Male,84,19,Secondary,4,0,11,2,0,1,1,0,114,164
997,15,Female,83,24,Secondary,7,1,11,3,1,0,1,1,228,196
998,18,Male,72,21,Tertiary,8,0,1,3,1,1,0,0,221,231
999,18,Male,79,17,Tertiary,7,0,12,2,1,1,1,0,340,217
1000,17,Male,57,20,Primary,9,1,4,3,1,1,0,1,214,306
